caldt,T-bill,Mkt Index,Your Portfolio
20110103,0,1.18,0.7
20110104,0,-0.26,-0.68
20110105,0,0.59,0.566
20110106,0,-0.15,-0.252
20110107,0,-0.21,0.18
20110110,0,-0.02,0.49
20110111,0,0.39,0.114
20110112,0,0.87,0.51
20110113,0,-0.17,0.238
20110114,0,0.69,0.276
20110118,0,0.18,0.216
20110119,0,-1.24,-0.994
20110120,0,-0.3,-1.482
20110121,0,0.11,-0.31
20110124,0,0.65,0.896
20110125,0,0.02,-0.13
20110126,0,0.6,1.476
20110127,0,0.26,0.104
20110128,0,-1.88,-1.958
20110131,0,0.71,1.262
20110201,0.001,1.751,1.745
20110202,0.001,-0.259,-0.031
20110203,0.001,0.261,0.363
20110204,0.001,0.291,0.681
20110207,0.001,0.701,0.479
20110208,0.001,0.481,0.547
20110209,0.001,-0.309,-0.279
20110210,0.001,0.121,0.757
20110211,0.001,0.671,0.641
20110214,0.001,0.301,0.697
20110215,0.001,-0.379,-0.733
20110216,0.001,0.681,0.585
20110217,0.001,0.371,0.323
20110218,0.001,0.121,-0.173
20110222,0.001,-2.189,-2.465
20110223,0.001,-0.779,-1.169
20110224,0.001,0.041,0.497
20110225,0.001,1.221,1.479
20110228,0.001,0.421,0.115
20110301,0,-1.58,-1.682
20110302,0,0.28,0.724
20110303,0,1.76,2.27
20110304,0,-0.67,-0.142
20110307,0,-0.96,-1.224
20110308,0,0.97,0.322
20110309,0,-0.17,-0.89
20110310,0,-1.93,-2.206
20110311,0,0.69,0.798
20110314,0,-0.59,-0.176
20110315,0,-1.05,-0.816
20110316,0,-1.77,-1.764
20110317,0,1.12,1.12
20110318,0,0.49,0.076
20110321,0,1.58,2.492
20110322,0,-0.34,-0.406
20110323,0,0.31,0.844
20110324,0,0.96,1.386
20110325,0,0.41,0.806
20110328,0,-0.35,-0.332
20110329,0,0.74,1.178
20110330,0,0.79,0.886
20110331,0,-0.11,0.196
20110401,0,0.52,0.376
20110404,0,0.09,0.246
20110405,0,0.08,0.164
20110406,0,0.21,-0.87
20110407,0,-0.2,-0.158
20110408,0,-0.47,-0.248
20110411,0,-0.39,-0.66
20110412,0,-0.84,-1.272
20110413,0,0.11,1.082
20110414,0,0,0.378
20110415,0,0.44,0.602
20110418,0,-1.15,-1.162
20110419,0,0.5,0.806
20110420,0,1.45,2.23
20110421,0,0.56,1.058
20110425,0,-0.16,-0.238
20110426,0,0.89,0.686
20110427,0,0.66,0.732
20110428,0,0.32,0.08
20110429,0,0.29,0.722
20110502,0,-0.28,-0.598
20110503,0,-0.5,-1.598
20110504,0,-0.74,-1.172
20110505,0,-0.82,-0.79
20110506,0,0.46,0.892
20110509,0,0.55,1.528
20110510,0,0.86,0.752
20110511,0,-1.09,-1.492
20110512,0,0.52,0.634
20110513,0,-0.88,-0.724
20110516,0,-0.76,-1.462
20110517,0,-0.11,-0.458
20110518,0,1.02,1.902
20110519,0,0.22,0.46
20110520,0,-0.73,-0.43
20110523,0,-1.29,-1.656
20110524,0,-0.14,0.064
20110525,0,0.45,1.38
20110526,0,0.52,0.922
20110527,0,0.49,0.412
20110531,0,1.04,1.232
20110601,0,-2.33,-2.324
20110602,0,-0.1,-0.136
20110603,0,-1.1,-1.304
20110606,0,-1.18,-1.402
20110607,0,-0.04,0.344
20110608,0,-0.54,-0.72
20110609,0,0.75,1.02
20110610,0,-1.37,-2.006
20110613,0,0.01,-0.572
20110614,0,1.36,2.152
20110615,0,-1.72,-1.9
20110616,0,0.12,-0.63
20110617,0,0.25,-0.278
20110620,0,0.58,0.934
20110621,0,1.52,2.474
20110622,0,-0.62,-0.53
20110623,0,-0.14,0.682
20110624,0,-1.1,-1.37
20110627,0,0.89,1.046
20110628,0,1.36,2.416
20110629,0,0.77,0.362
20110630,0,0.99,1.368
20110701,0,1.45,1.576
20110705,0,-0.08,1.15
20110706,0,0.18,0.72
20110707,0,1.1,0.89
20110708,0,-0.67,-0.202
20110711,0,-1.91,-1.832
20110712,0,-0.45,-1.074
20110713,0,0.45,0.72
20110714,0,-0.82,-1.012
20110715,0,0.58,1.216
20110718,0,-0.94,-0.526
20110719,0,1.72,2.392
20110720,0,-0.1,-0.892
20110721,0,1.29,0.348
20110722,0,0.1,0.712
20110725,0,-0.68,-0.83
20110726,0,-0.47,-0.902
20110727,0,-2.16,-2.814
20110728,0,-0.31,-0.16
20110729,0,-0.56,-0.554
20110801,0,-0.4,-0.514
20110802,0,-2.68,-3.292
20110803,0,0.58,0.736
20110804,0,-5.04,-6.072
20110805,0,-0.36,-0.414
20110808,0,-6.97,-6.7
20110809,0,4.97,5.546
20110810,0,-4.3,-2.518
20110811,0,4.72,4.702
20110812,0,0.54,2.112
20110815,0,2.25,1.524
20110816,0,-1.07,-1.436
20110817,0,-0.01,-0.814
20110818,0,-4.65,-6.198
20110819,0,-1.55,-1.688
20110822,0,-0.03,0.438
20110823,0,3.6,5.376
20110824,0,1.35,0.594
20110825,0,-1.67,-2.246
20110826,0,1.74,3.18
20110829,0,3.11,2.66
20110830,0,0.32,1.202
20110831,0,0.42,0.06
20110901,0,-1.33,-0.508
20110902,0,-2.64,-1.992
20110906,0,-0.71,0.346
20110907,0,3.06,1.656
20110908,0,-1.18,-0.394
20110909,0,-2.65,-2.59
20110912,0,0.68,0.392
20110913,0,1.12,1.396
20110914,0,1.45,1.714
20110915,0,1.64,0.956
20110916,0,0.47,1.022
20110919,0,-0.99,0.87
20110920,0,-0.45,-0.408
20110921,0,-2.92,-1.54
20110922,0,-3.29,-3.386
20110923,0,0.74,0.224
20110926,0,2.28,0.87
20110927,0,1.22,1.592
20110928,0,-2.29,-1.972
20110929,0,0.77,-1.54
20110930,0,-2.5,-2.032
20111003,0,-3.18,-2.148
20111004,0,2.68,1.534
20111005,0,1.92,1.926
20111006,0,1.94,1.004
20111007,0,-0.98,0.892
20111010,0,3.44,2.768
20111011,0,0.15,0.06
20111012,0,1.07,-0.274
20111013,0,-0.21,1.056
20111014,0,1.72,2.044
20111017,0,-2.06,-1.256
20111018,0,2.11,-0.038
20111019,0,-1.38,-1.332
20111020,0,0.43,-0.26
20111021,0,1.92,1.62
20111024,0,1.59,1.014
20111025,0,-2.13,-1.332
20111026,0,1.12,0.238
20111027,0,3.54,1.458
20111028,0,-0.01,-0.01
20111031,0,-2.5,-0.676
20111101,0,-2.86,-1.168
20111102,0,1.72,0.592
20111103,0,1.97,1.868
20111104,0,-0.53,-0.242
20111107,0,0.48,0.174
20111108,0,1.21,0.67
20111109,0,-3.78,-2.304
20111110,0,0.83,0.44
20111111,0,1.98,1.86
20111114,0,-0.92,0.064
20111115,0,0.56,0.95
20111116,0,-1.64,-1.358
20111117,0,-1.65,-1.038
20111118,0,-0.07,-0.658
20111121,0,-1.87,-1.276
20111122,0,-0.44,0.454
20111123,0,-2.29,-1.666
20111125,0,-0.34,-0.646
20111128,0,3.1,3.28
20111129,0,0.18,0.396
20111130,0,4.44,2.658
20111201,0,-0.22,0.338
20111202,0,0.05,-0.652
20111205,0,1.09,0.334
20111206,0,0.04,0.04
20111207,0,0.16,-0.536
20111208,0,-2.23,-0.586
20111209,0,1.83,1.398
20111212,0,-1.48,-0.598
20111213,0,-1.05,-0.438
20111214,0,-1.21,-1.636
20111215,0,0.4,0.514
20111216,0,0.45,0.714
20111219,0,-1.31,0.196
20111220,0,3.1,2.194
20111221,0,0.2,-0.646
20111222,0,0.83,-0.664
20111223,0,0.84,1.164
20111227,0,0.04,0.964
20111228,0,-1.34,-0.794
20111229,0,1.1,0.572
20111230,0,-0.4,-0.712
20120103,0,1.5,-0.594
20120104,0,0,0.018
20120105,0,0.39,-0.042
20120106,0,-0.19,-0.07
20120109,0,0.28,0.112
20120110,0,0.97,0.052
20120111,0,0.13,-0.854
20120112,0,0.31,-0.02
20120113,0,-0.52,0.38
20120117,0,0.36,1.254
20120118,0,1.22,0.098
20120119,0,0.51,-0.042
20120120,0,0.03,-0.726
20120123,0,0.02,-0.328
20120124,0,0,0.066
20120125,0,0.91,1.288
20120126,0,-0.59,-0.104
20120127,0,0.01,-0.29
20120130,0,-0.31,0.314
20120131,0,-0.05,0.076
20120201,0,1.1,0.404
20120202,0,0.17,-0.112
20120203,0,1.58,0.5
20120206,0,-0.05,-0.098
20120207,0,0.16,0.4
20120208,0,0.25,-0.266
20120209,0,0.15,0.54
20120210,0,-0.75,-0.09
20120213,0,0.75,0.918
20120214,0,-0.09,0.528
20120215,0,-0.5,-0.83
20120216,0,1.27,0.526
20120217,0,0.16,-0.224
20120221,0,-0.05,-0.164
20120222,0,-0.39,0.336
20120223,0,0.56,0.518
20120224,0,0.15,0.636
20120227,0,0.14,-0.016
20120228,0,0.28,0.502
20120229,0,-0.55,-0.262
20120301,0,0.64,0.442
20120302,0,-0.46,-0.244
20120305,0,-0.4,0.194
20120306,0,-1.62,-0.756
20120307,0,0.8,0.392
20120308,0,1.07,1.166
20120309,0,0.49,0.166
20120312,0,-0.07,0.422
20120313,0,1.86,0.6
20120314,0,-0.23,0.136
20120315,0,0.67,-0.338
20120316,0,0.06,-0.714
20120319,0,0.41,0.554
20120320,0,-0.39,-0.498
20120321,0,-0.1,0.32
20120322,0,-0.74,0.268
20120323,0,0.39,-0.114
20120326,0,1.45,1.63
20120327,0,-0.3,0.192
20120328,0,-0.51,-0.45
20120329,0,-0.16,0.044
20120330,0,0.28,0.208
20120402,0,0.77,0.734
20120403,0,-0.34,0.452
20120404,0,-1.11,-0.618
20120405,0,-0.03,0.822
20120409,0,-1.21,-0.754
20120410,0,-1.85,-1.796
20120411,0,0.85,0.484
20120412,0,1.44,0.438
20120413,0,-1.25,0.034
20120416,0,-0.09,-0.6
20120417,0,1.55,1.43
20120418,0,-0.43,0.164
20120419,0,-0.57,-1.08
20120420,0,0.11,0.812
20120423,0,-0.95,-0.98
20120424,0,0.29,-0.67
20120425,0,1.44,2.316
20120426,0,0.75,0.774
20120427,0,0.35,0.68
20120430,0,-0.49,-0.688
20120501,0,0.48,-0.102
20120502,0,-0.15,0.906
20120503,0,-0.92,-0.428
20120504,0,-1.62,-1.542
20120507,0,0.04,-0.26
20120508,0,-0.41,-0.512
20120509,0,-0.62,-0.416
20120510,0,0.29,0.434
20120511,0,-0.29,0.616
20120514,0,-1.14,-0.906
20120515,0,-0.52,0.302
20120516,0,-0.44,0.358
20120517,0,-1.64,-1.97
20120518,0,-0.8,-0.524
20120521,0,1.69,2.008
20120522,0,0,0.102
20120523,0,0.26,0.17
20120524,0,0.16,0.496
20120525,0,-0.16,-0.424
20120529,0,1.14,0.666
20120530,0,-1.47,-0.582
20120531,0,-0.23,-0.446
20120601,0,-2.6,-2.738
20120604,0,-0.05,0.556
20120605,0,0.68,0.05
20120606,0,2.32,1.588
20120607,0,-0.1,0.068
20120608,0,0.85,1.066
20120611,0,-1.4,-0.788
20120612,0,1.16,0.884
20120613,0,-0.77,-0.8
20120614,0,1.04,0.842
20120615,0,1.07,0.632
20120618,0,0.21,1.188
20120619,0,1.09,0.328
20120620,0,-0.14,-0.476
20120621,0,-2.26,-1.552
20120622,0,0.79,0.634
20120625,0,-1.62,-0.852
20120626,0,0.52,0.778
20120627,0,0.92,0.068
20120628,0,-0.24,-0.834
20120629,0,2.55,2.274
20120702,0,0.33,0.84
20120703,0,0.76,-0.062
20120705,0,-0.36,0.558
20120706,0,-0.99,-0.534
20120709,0,-0.23,0.568
20120710,0,-0.84,-0.444
20120711,0,-0.08,-0.818
20120712,0,-0.5,0.514
20120713,0,1.62,1.11
20120716,0,-0.31,0.02
20120717,0,0.67,0.418
20120718,0,0.71,0.974
20120719,0,0.27,0.63
20120720,0,-1.06,-0.946
20120723,0,-1.02,-0.84
20120724,0,-0.99,-0.576
20120725,0,-0.01,-0.058
20120726,0,1.53,0.9
20120727,0,1.96,1.336
20120730,0,-0.13,-0.262
20120731,0,-0.47,-0.656
20120801,0,-0.5,-0.71
20120802,0,-0.69,0.288
20120803,0,1.99,1.204
20120806,0,0.34,-0.242
20120807,0,0.64,-0.242
20120808,0,0.09,-0.348
20120809,0,0.12,-0.432
20120810,0,0.17,0.008
20120813,0,-0.14,0.148
20120814,0,-0.03,0.444
20120815,0,0.27,0.198
20120816,0,0.75,0.486
20120817,0,0.27,0.246
20120820,0,-0.06,-0.504
20120821,0,-0.31,-0.892
20120822,0,0,0.438
20120823,0,-0.78,-0.282
20120824,0,0.61,0.766
20120827,0,-0.06,0.366
20120828,0,0.01,0.106
20120829,0,0.15,0.132
20120830,0,-0.8,-0.548
20120831,0,0.52,0.256
20120904,0,0.08,0.632
20120905,0,-0.05,-0.488
20120906,0,2.07,1.488
20120907,0,0.45,-0.84
20120910,0,-0.57,-0.612
20120911,0,0.28,-0.422
20120912,0,0.27,0.048
20120913,0,1.56,1.044
20120914,0,0.54,-0.45
20120917,0,-0.42,0.546
20120918,0,-0.15,0.096
20120919,0,0.18,0.396
20120920,0,-0.13,0.086
20120921,0,0.04,0.208
20120924,0,-0.26,-0.35
20120925,0,-1.11,-0.516
20120926,0,-0.57,-0.804
20120927,0,0.99,1.302
20120928,0,-0.46,-0.358
20121001,0,0.26,0.062
20121002,0,0.1,-0.008
20121003,0,0.36,1.092
20121004,0,0.76,0.118
20121005,0,-0.03,-0.054
20121008,0,-0.36,-0.756
20121009,0,-1.05,-1.5
20121010,0,-0.58,-0.43
20121011,0,0.11,-0.802
20121012,0,-0.34,0.26
20121015,0,0.79,0.808
20121016,0,1,0.982
20121017,0,0.49,-0.08
20121018,0,-0.31,-0.64
20121019,0,-1.68,-1.8
20121022,0,0.01,-0.038
20121023,0,-1.29,-1.134
20121024,0,-0.28,0.044
20121025,0,0.27,-0.048
20121026,0,-0.07,0.17
20121031,0,0.14,-0.184
20121101,0,1.19,0.566
20121102,0,-1.04,-1.178
20121105,0,0.28,0.346
20121106,0,0.8,0.188
20121107,0,-2.31,-1.092
20121108,0,-1.24,-1.444
20121109,0,0.15,0.408
20121112,0,0,-0.03
20121113,0,-0.4,0.134
20121114,0,-1.4,-1.574
20121115,0,-0.24,-0.66
20121116,0,0.58,1.066
20121119,0,1.98,2.094
20121120,0,0.11,0.53
20121121,0,0.31,0.226
20121123,0,1.28,1.106
20121126,0,-0.14,0.028
20121127,0,-0.43,-0.46
20121128,0,0.83,0.83
20121129,0,0.54,0.588
20121130,0,0.02,-0.106
20121203,0.001,-0.459,-0.549
20121204,0.001,-0.159,-0.435
20121205,0.001,0.171,-0.963
20121206,0.001,0.311,0.371
20121207,0.001,0.271,-0.107
20121210,0.001,0.111,-0.117
20121211,0.001,0.681,0.555
20121212,0.001,-0.019,-0.457
20121213,0.001,-0.569,-0.731
20121214,0.001,-0.339,-0.765
20121217,0.001,1.161,1.257
20121218,0.001,1.201,0.907
20121219,0.001,-0.599,-0.791
20121220,0.001,0.531,0.231
20121221,0.001,-0.879,-0.825
20121224,0.001,-0.239,-0.005
20121226,0.001,-0.539,-0.989
20121227,0.001,-0.109,0.161
20121228,0.001,-0.999,-0.807
20121231,0.001,1.711,1.897
20130102,0,2.62,2.536
20130103,0,-0.14,-0.434
20130104,0,0.55,0.076
20130107,0,-0.31,-0.004
20130108,0,-0.27,0.282
20130109,0,0.34,0.634
20130110,0,0.66,0.234
20130111,0,0.02,0.182
20130114,0,-0.06,-0.168
20130115,0,0.19,-0.014
20130116,0,-0.04,-0.064
20130117,0,0.61,0.544
20130118,0,0.29,0.38
20130122,0,0.48,0.078
20130123,0,0.1,0.46
20130124,0,0.09,-0.432
20130125,0,0.59,0.662
20130128,0,-0.14,-0.404
20130129,0,0.36,0.204
20130130,0,-0.38,-0.368
20130131,0,-0.08,-0.41
20130201,0,0.99,1.044
20130204,0,-1.19,-1.1
20130205,0,1.07,1.034
20130206,0,0.15,-0.114
20130207,0,-0.15,-0.252
20130208,0,0.58,0.61
20130211,0,-0.08,-0.326
20130212,0,0.16,-0.278
20130213,0,0.14,0.248
20130214,0,0.11,-0.004
20130215,0,-0.11,0.22
20130219,0,0.74,0.62
20130220,0,-1.36,-0.946
20130221,0,-0.66,-0.672
20130222,0,0.94,1.108
20130225,0,-1.82,-1.46
20130226,0,0.58,0.808
20130227,0,1.29,1.5
20130228,0,-0.05,0.226
20130301,0,0.22,1.006
20130304,0,0.47,1.154
20130305,0,1,1.168
20130306,0,0.18,-0.252
20130307,0,0.27,-0.21
20130308,0,0.52,0.604
20130311,0,0.3,0.018
20130312,0,-0.22,-0.286
20130313,0,0.2,0.218
20130314,0,0.58,0.076
20130315,0,-0.19,-0.796
20130318,0,-0.5,-0.362
20130319,0,-0.24,-0.054
20130320,0,0.76,0.994
20130321,0,-0.85,-0.64
20130322,0,0.62,0.914
20130325,0,-0.29,-0.314
20130326,0,0.76,1.15
20130327,0,-0.02,0.244
20130328,0,0.39,0.87
20130401,0,-0.57,-0.372
20130402,0,0.33,0.72
20130403,0,-1.16,-1.418
20130404,0,0.42,0.378
20130405,0,-0.41,-0.536
20130408,0,0.7,0.682
20130409,0,0.31,-0.05
20130410,0,1.28,1.322
20130411,0,0.35,0.722
20130412,0,-0.28,0.14
20130415,0,-2.48,-2.45
20130416,0,1.47,1.884
20130417,0,-1.46,-0.944
20130418,0,-0.71,-0.866
20130419,0,0.97,1.648
20130422,0,0.45,0.504
20130423,0,1.11,0.792
20130424,0,0.06,-1.206
20130425,0,0.49,0.34
20130426,0,-0.2,-0.11
20130429,0,0.67,0.358
20130430,0,0.29,-0.148
20130501,0,-1.08,-0.948
20130502,0,1.04,1.196
20130503,0,1.12,0.814
20130506,0,0.23,-0.31
20130507,0,0.54,0.57
20130508,0,0.44,-0.004
20130509,0,-0.31,-0.112
20130510,0,0.54,0.732
20130513,0,-0.02,0.232
20130514,0,1.1,1.19
20130515,0,0.51,0.636
20130516,0,-0.5,-0.806
20130517,0,1.04,0.764
20130520,0,-0.06,-0.96
20130521,0,0.16,0.202
20130522,0,-0.92,-0.764
20130523,0,-0.19,-0.082
20130524,0,-0.06,0
20130528,0,0.77,0.92
20130529,0,-0.7,-1.408
20130530,0,0.5,0.302
20130531,0,-1.31,-1.34
20130603,0,0.48,0.342
20130604,0,-0.55,-0.712
20130605,0,-1.38,-1.542
20130606,0,0.89,1.232
20130607,0,1.3,1.6
20130610,0,0.07,0.016
20130611,0,-1.04,-0.86
20130612,0,-0.82,-1.054
20130613,0,1.47,1.584
20130614,0,-0.59,-0.128
20130617,0,0.74,0.896
20130618,0,0.8,0.92
20130619,0,-1.28,-1.298
20130620,0,-2.45,-3.074
20130621,0,0.13,-0.2
20130624,0,-1.19,-1.034
20130625,0,0.96,0.75
20130626,0,0.92,1.394
20130627,0,0.77,0.842
20130628,0,-0.33,-0.492
20130701,0,0.71,1.082
20130702,0,-0.1,-0.196
20130703,0,0.11,0.26
20130705,0,1.11,1.188
20130708,0,0.53,0.62
20130709,0,0.74,0.662
20130710,0,0.06,0.114
20130711,0,1.32,1.746
20130712,0,0.33,0.504
20130715,0,0.2,-0.076
20130716,0,-0.41,-0.812
20130717,0,0.3,0.402
20130718,0,0.54,0.072
20130719,0,0.09,-0.042
20130722,0,0.22,0.136
20130723,0,-0.15,-0.486
20130724,0,-0.39,-0.192
20130725,0,0.42,0.624
20130726,0,0.02,0.164
20130729,0,-0.37,-0.454
20130730,0,0.12,0.486
20130731,0,0.09,0.408
20130801,0,1.4,1.754
20130802,0,0.2,0.68
20130805,0,-0.07,-0.028
20130806,0,-0.68,-0.866
20130807,0,-0.42,-0.684
20130808,0,0.47,0.524
20130809,0,-0.29,-0.11
20130812,0,-0.02,-0.008
20130813,0,0.2,0.224
20130814,0,-0.5,-0.836
20130815,0,-1.47,-2.166
20130816,0,-0.26,-0.062
20130819,0,-0.62,-0.278
20130820,0,0.53,0.734
20130821,0,-0.59,-0.158
20130822,0,0.93,1.122
20130823,0,0.38,0.26
20130826,0,-0.29,0.076
20130827,0,-1.75,-2.128
20130828,0,0.3,0.444
20130829,0,0.34,1.042
20130830,0,-0.47,-0.608
20130903,0,0.46,0.976
20130904,0,0.83,1.208
20130905,0,0.19,0.004
20130906,0,0.01,-0.122
20130909,0,1.09,1.204
20130910,0,0.8,1.1
20130911,0,0.28,0.268
20130912,0,-0.32,-0.08
20130913,0,0.29,0.278
20130916,0,0.49,0.418
20130917,0,0.54,0.678
20130918,0,1.1,1.088
20130919,0,-0.13,0.278
20130920,0,-0.63,-0.546
20130923,0,-0.45,-0.57
20130924,0,-0.12,0.228
20130925,0,-0.23,-0.44
20130926,0,0.42,1.062
20130927,0,-0.39,-0.156
20130930,0,-0.49,-0.37
20131001,0,0.9,1.26
20131002,0,-0.1,-0.13
20131003,0,-0.88,-1.072
20131004,0,0.74,0.986
20131007,0,-0.95,-1.412
20131008,0,-1.35,-2.454
20131009,0,-0.05,-0.56
20131010,0,2.23,2.962
20131011,0,0.71,0.854
20131014,0,0.44,0.668
20131015,0,-0.73,-0.694
20131016,0,1.37,1.658
20131017,0,0.7,0.814
20131018,0,0.73,0.952
20131021,0,-0.02,-0.146
20131022,0,0.5,0.212
20131023,0,-0.51,-0.642
20131024,0,0.42,0.684
20131025,0,0.33,0.102
20131028,0,0.09,-0.276
20131029,0,0.54,0.768
20131030,0,-0.61,-1.168
20131031,0,-0.34,0.134
20131101,0,0.2,0.032
20131104,0,0.47,0.506
20131105,0,-0.23,0.286
20131106,0,0.27,-0.732
20131107,0,-1.46,-2.264
20131108,0,1.45,1.96
20131111,0,0.12,0.348
20131112,0,-0.19,0.182
20131113,0,0.9,1.35
20131114,0,0.43,0.196
20131115,0,0.43,0.562
20131118,0,-0.5,-1.316
20131119,0,-0.27,-0.732
20131120,0,-0.33,-0.306
20131121,0,0.97,1.552
20131122,0,0.5,0.728
20131125,0,-0.11,-0.41
20131126,0,0.18,0.828
20131127,0,0.3,0.222
20131129,0,-0.02,-0.044
20131202,0,-0.31,-0.25
20131203,0,-0.34,-0.658
20131204,0,-0.07,-0.202
20131205,0,-0.35,0.196
20131206,0,1.02,1.05
20131209,0,0.17,-0.004
20131210,0,-0.34,-0.364
20131211,0,-1.16,-1.466
20131212,0,-0.23,-0.02
20131213,0,0.1,0.358
20131216,0,0.67,0.754
20131217,0,-0.26,-0.206
20131218,0,1.55,1.628
20131219,0,-0.1,-0.274
20131220,0,0.69,1.104
20131223,0,0.62,0.572
20131224,0,0.34,0.16
20131226,0,0.44,0.746
20131227,0,-0.05,-0.692
20131230,0,0,0.144
20131231,0,0.44,0.446
20140102,0,-0.88,-0.988
20140103,0,0.03,0.15
20140106,0,-0.34,-0.562
20140107,0,0.68,1.256
20140108,0,0.04,0.496
20140109,0,0.02,0.722
20140110,0,0.27,0.636
20140113,0,-1.32,-1.692
20140114,0,1.15,1.708
20140115,0,0.53,0.224
20140116,0,-0.07,0.308
20140117,0,-0.39,-0.42
20140121,0,0.3,0.27
20140122,0,0.15,0.198
20140123,0,-0.86,-0.866
20140124,0,-2.19,-2.91
20140127,0,-0.65,-1.256
20140128,0,0.73,1.246
20140129,0,-1.07,-1.538
20140130,0,1.22,2.216
20140131,0,-0.66,-0.372
20140203,0,-2.48,-3.17
20140204,0,0.77,1.094
20140205,0,-0.23,-0.416
20140206,0,1.21,1.138
20140207,0,1.33,2.098
20140210,0,0.16,0.382
20140211,0,1.09,0.97
20140212,0,0.11,0.308
20140213,0,0.72,0.996
20140214,0,0.42,0.018
20140218,0,0.27,0.864
20140219,0,-0.74,-0.704
20140220,0,0.7,1.084
20140221,0,-0.09,0.084
20140224,0,0.65,0.734
20140225,0,-0.1,0.344
20140226,0,0.12,0.132
20140227,0,0.54,0.576
20140228,0,0.15,-0.522
20140303,0,-0.7,-0.82
20140304,0,1.67,2.234
20140305,0,0.01,0.04
20140306,0,0.16,-0.602
20140307,0,0.04,-0.398
20140310,0,-0.09,-0.12
20140311,0,-0.62,-0.56
20140312,0,0.13,0.202
20140313,0,-1.21,-1.564
20140314,0,-0.16,-0.214
20140317,0,0.9,1.062
20140318,0,0.82,1.378
20140319,0,-0.59,-1.022
20140320,0,0.52,-0.188
20140321,0,-0.37,-1.582
20140324,0,-0.64,-1.84
20140325,0,0.3,0.078
20140326,0,-0.89,-1.592
20140327,0,-0.19,-0.316
20140328,0,0.41,-0.178
20140331,0,0.97,1.474
20140401,0,0.87,1.71
20140402,0,0.29,0.158
20140403,0,-0.31,-1.426
20140404,0,-1.47,-2.934
20140407,0,-1.26,-1.872
20140408,0,0.5,0.566
20140409,0,1.2,2.592
20140410,0,-2.24,-3.884
20140411,0,-1.07,-1.568
20140414,0,0.7,0.46
20140415,0,0.59,0.494
20140416,0,1.13,1.976
20140417,0,0.23,0.26
20140421,0,0.36,0.72
20140422,0,0.58,1.228
20140423,0,-0.31,-1.024
20140424,0,0.08,-0.136
20140425,0,-1.05,-2.196
20140428,0,0.11,-0.238
20140429,0,0.56,1.1
20140430,0,0.35,0.704
20140501,0,0.04,0.202
20140502,0,-0.07,-0.196
20140505,0,0.13,0.694
20140506,0,-1.03,-1.378
20140507,0,0.45,-0.36
20140508,0,-0.26,-0.836
20140509,0,0.25,0.376
20140512,0,1.2,1.92
20140513,0,-0.05,-0.26
20140514,0,-0.6,-0.6
20140515,0,-0.9,-0.906
20140516,0,0.36,0.492
20140519,0,0.5,0.914
20140520,0,-0.78,-0.87
20140521,0,0.81,1.044
20140522,0,0.36,0.558
20140523,0,0.49,0.886
20140527,0,0.69,1.098
20140528,0,-0.11,-0.158
20140529,0,0.54,0.768
20140530,0,0.06,-0.12
20140602,0,0.06,-0.036
20140603,0,-0.05,-0.044
20140604,0,0.28,0.544
20140605,0,0.77,0.794
20140606,0,0.54,0.408
20140609,0,0.22,0.154
20140610,0,-0.03,-0.09
20140611,0,-0.34,-0.04
20140612,0,-0.68,-0.938
20140613,0,0.31,0.376
20140616,0,0.13,0.592
20140617,0,0.34,0.04
20140618,0,0.75,0.858
20140619,0,0.12,0.21
20140620,0,0.18,0.372
20140623,0,-0.01,-0.154
20140624,0,-0.72,-0.858
20140625,0,0.53,0.728
20140626,0,-0.11,-0.008
20140627,0,0.26,0.296
20140630,0,0.07,0.028
20140701,0,0.74,1.094
20140702,0,-0.03,0.054
20140703,0,0.59,0.56
20140707,0,-0.62,-0.944
20140708,0,-0.82,-1.384
20140709,0,0.46,0.712
20140710,0,-0.49,-0.502
20140711,0,0.12,0.426
20140714,0,0.46,0.772
20140715,0,-0.32,-1.214
20140716,0,0.32,0.044
20140717,0,-1.21,-1.648
20140718,0,1.12,1.714
20140721,0,-0.25,-0.142
20140722,0,0.53,0.89
20140723,0,0.19,0.52
20140724,0,0.05,-0.058
20140725,0,-0.53,-0.764
20140728,0,-0.08,-0.386
20140729,0,-0.33,-0.066
20140730,0,0.12,0.216
20140731,0,-2.03,-2.714
20140801,0,-0.32,-0.098
20140804,0,0.74,1.202
20140805,0,-0.84,-0.924
20140806,0,0.02,-0.424
20140807,0,-0.52,-0.376
20140808,0,1.12,1.264
20140811,0,0.4,0.574
20140812,0,-0.23,-0.41
20140813,0,0.69,1.314
20140814,0,0.44,0.224
20140815,0,0,0.318
20140818,0,0.93,1.128
20140819,0,0.49,0.532
20140820,0,0.19,0.046
20140821,0,0.28,-0.446
20140822,0,-0.1,0.188
20140825,0,0.5,0.644
20140826,0,0.19,0.244
20140827,0,0,-0.054
20140828,0,-0.19,-0.214
20140829,0,0.39,0.372
20140902,0,0.06,0.294
20140903,0,-0.14,-0.368
20140904,0,-0.17,-0.284
20140905,0,0.45,0.66
20140908,0,-0.22,0.146
20140909,0,-0.72,-0.612
20140910,0,0.45,0.684
20140911,0,0.19,0.004
20140912,0,-0.55,-0.874
20140915,0,-0.28,-0.748
20140916,0,0.7,1.18
20140917,0,0.17,0.338
20140918,0,0.5,0.518
20140919,0,-0.18,-0.18
20140922,0,-0.97,-1.078
20140923,0,-0.62,-0.434
20140924,0,0.81,1.464
20140925,0,-1.62,-1.842
20140926,0,0.85,1.36
20140929,0,-0.22,0.128
20140930,0,-0.4,-0.58
20141001,0,-1.39,-1.798
20141002,0,0.15,0.228
20141003,0,1.08,1.626
20141006,0,-0.26,-0.692
20141007,0,-1.56,-1.572
20141008,0,1.7,1.904
20141009,0,-2.17,-1.894
20141010,0,-1.3,-1.888
20141013,0,-1.59,-2.454
20141014,0,0.28,-0.14
20141015,0,-0.53,-0.158
20141016,0,0.23,-0.046
20141017,0,1.14,1.842
20141020,0,0.94,1.168
20141021,0,1.98,2.13
20141022,0,-0.85,-0.52
20141023,0,1.29,1.62
20141024,0,0.66,1.374
20141027,0,-0.17,0.196
20141028,0,1.37,1.208
20141029,0,-0.18,-0.294
20141030,0,0.6,0.882
20141031,0,1.23,1.104
20141103,0,-0.01,0.236
20141104,0,-0.35,0.028
20141105,0,0.48,-0.162
20141106,0,0.49,0.904
20141107,0,0.09,-0.726
20141110,0,0.33,1.002
20141111,0,0.1,0.064
20141112,0,0.07,0.118
20141113,0,-0.03,0.402
20141114,0,0.06,-0.486
20141117,0,-0.05,0.142
20141118,0,0.51,1.116
20141119,0,-0.21,-0.21
20141120,0,0.31,-0.116
20141121,0,0.48,0.306
20141124,0,0.4,0.814
20141125,0,-0.08,0.238
20141126,0,0.3,1.158
20141128,0,-0.35,0.994
20141201,0,-0.9,-1.08
20141202,0,0.65,1.106
20141203,0,0.46,0.154
20141204,0,-0.17,0.334
20141205,0,0.25,0.346
20141208,0,-0.82,-0.31
20141209,0,0.13,0.082
20141210,0,-1.72,-1.27
20141211,0,0.49,0.73
20141212,0,-1.55,-1.172
20141215,0,-0.68,-0.65
20141216,0,-0.8,-1.52
20141217,0,2.15,1.82
20141218,0,2.36,2.642
20141219,0,0.43,-0.296
20141222,0,0.37,0.52
20141223,0,0.21,-0.984
20141224,0,0.07,0.61
20141226,0,0.39,0.63
20141229,0,0.13,-0.32
20141230,0,-0.48,-0.738
20141231,0,-0.93,-0.984
20150102,0,-0.11,-0.218
20150105,0,-1.84,-0.748
20150106,0,-1.04,-0.596
20150107,0,1.19,2.138
20150108,0,1.81,2.05
20150109,0,-0.85,-0.526
20150112,0,-0.79,-0.022
20150113,0,-0.19,-0.016
20150114,0,-0.6,-0.258
20150115,0,-1.08,-1.002
20150116,0,1.36,1.294
20150120,0,0.11,0.884
20150121,0,0.42,-0.51
20150122,0,1.58,1.526
20150123,0,-0.47,0.088
20150126,0,0.42,-0.06
20150127,0,-1.21,-1.606
20150128,0,-1.39,-0.196
20150129,0,0.98,1.358
20150130,0,-1.3,-2.902
20150202,0,1.25,0.17
20150203,0,1.49,0.458
20150204,0,-0.35,0.25
20150205,0,1.1,0.77
20150206,0,-0.2,-0.908
20150209,0,-0.46,-0.922
20150210,0,1.04,2.192
20150211,0,0.03,0.516
20150212,0,1,0.778
20150213,0,0.47,-0.136
20150217,0,0.17,0.176
20150218,0,0.03,0.906
20150219,0,-0.01,-0.13
20150220,0,0.61,1.108
20150223,0,-0.08,0.718
20150224,0,0.32,-0.112
20150225,0,0.02,-0.274
20150226,0,-0.08,0.418
20150227,0,-0.36,-0.624
20150302,0,0.62,1.088
20150303,0,-0.43,-0.844
20150304,0,-0.41,-0.146
20150305,0,0.15,0.396
20150306,0,-1.29,-1.476
20150309,0,0.37,0.874
20150310,0,-1.63,-1.06
20150311,0,-0.04,-0.376
20150312,0,1.28,1.376
20150313,0,-0.57,-0.102
20150316,0,1.23,1.866
20150317,0,-0.2,-0.062
20150318,0,1.08,0.564
20150319,0,-0.36,0.87
20150320,0,0.81,0.252
20150323,0,-0.19,-0.628
20150324,0,-0.51,-0.528
20150325,0,-1.56,-2.916
20150326,0,-0.22,-0.19
20150327,0,0.32,1.448
20150330,0,1.24,1.378
20150331,0,-0.75,-1.116
20150401,0,-0.38,-0.728
20150402,0,0.35,-0.184
20150406,0,0.61,-0.086
20150407,0,-0.22,-0.304
20150408,0,0.37,1.57
20150409,0,0.41,-0.052
20150410,0,0.49,0.862
20150413,0,-0.38,-0.488
20150414,0,0.11,-0.712
20150415,0,0.57,-0.672
20150416,0,-0.08,0.388
20150417,0,-1.23,-1.314
20150420,0,0.95,1.286
20150421,0,-0.1,1.136
20150422,0,0.46,0.268
20150423,0,0.29,0.26
20150424,0,0.17,0.56
20150427,0,-0.54,-1.632
20150428,0,0.27,-0.792
20150429,0,-0.38,-1.526
20150430,0,-1.11,-2.268
20150501,0,1.01,2.012
20150504,0,0.32,0.302
20150505,0,-1.19,-1.754
20150506,0,-0.31,0.014
20150507,0,0.39,1.158
20150508,0,1.21,1.366
20150511,0,-0.39,-0.018
20150512,0,-0.27,-0.516
20150513,0,0.01,-0.056
20150514,0,1.01,1.748
20150515,0,0.05,-0.052
20150518,0,0.44,0.938
20150519,0,-0.09,0.3
20150520,0,-0.05,-0.092
20150521,0,0.23,-0.1
20150522,0,-0.22,0.05
20150526,0,-1.01,-0.758
20150527,0,0.93,1.632
20150528,0,-0.12,-0.054
20150529,0,-0.58,-0.532
20150601,0,0.17,0.56
20150602,0,-0.02,-0.746
20150603,0,0.39,0.726
20150604,0,-0.88,-0.772
20150605,0,0.06,-0.102
20150608,0,-0.66,-0.696
20150609,0,0.02,-0.208
20150610,0,1.2,1.032
20150611,0,0.21,0.546
20150612,0,-0.63,-0.648
20150615,0,-0.45,-0.186
20150616,0,0.57,0.648
20150617,0,0.16,0.634
20150618,0,0.99,1.752
20150619,0,-0.43,-0.07
20150622,0,0.63,0.78
20150623,0,0.12,-0.204
20150624,0,-0.79,-0.862
20150625,0,-0.25,0.416
20150626,0,-0.06,-0.324
20150629,0,-2.15,-2.084
20150630,0,0.33,1.146
20150701,0,0.6,1.614
20150702,0,-0.11,-0.29
20150706,0,-0.37,0.812
20150707,0,0.53,0.446
20150708,0,-1.68,-1.386
20150709,0,0.29,0.32
20150710,0,1.24,2.26
20150713,0,1.14,1.386
20150714,0,0.47,0.224
20150715,0,-0.19,0.668
20150716,0,0.78,1.608
20150717,0,0.05,0.404
20150720,0,-0.01,1.166
20150721,0,-0.47,-0.878
20150722,0,-0.18,0.378
20150723,0,-0.6,-0.48
20150724,0,-1.08,-0.432
20150727,0,-0.74,-0.65
20150728,0,1.23,0.762
20150729,0,0.74,-0.208
20150730,0,0.12,0.414
20150731,0,-0.15,1.182
20150803,0,-0.35,0.37
20150804,0,-0.14,0.136
20150805,0,0.36,1.152
20150806,0,-0.88,-3.394
20150807,0,-0.36,0.522
20150810,0,1.32,-0.354
20150811,0,-0.98,-1.16
20150812,0,0.07,-0.386
20150813,0,-0.14,0.682
20150814,0,0.43,0.292
20150817,0,0.6,1.56
20150818,0,-0.35,-0.434
20150819,0,-0.85,0.026
20150820,0,-2.24,-2.84
20150821,0,-2.95,-3.106
20150824,0,-3.9,-3.648
20150825,0,-1.17,-0.258
20150826,0,3.68,4.19
20150827,0,2.4,0.762
20150828,0,0.23,-0.79
20150831,0,-0.74,-2.678
20150901,0,-2.91,-2.088
20150902,0,1.81,2.998
20150903,0,0.17,-0.706
20150904,0,-1.39,-0.61
20150908,0,2.52,3.402
20150909,0,-1.34,-1.22
20150910,0,0.49,0.868
20150911,0,0.44,1.616
20150914,0,-0.41,-0.122
20150915,0,1.22,0.848
20150916,0,0.84,-0.474
20150917,0,-0.17,1.378
20150918,0,-1.62,-0.258
20150921,0,0.36,-0.438
20150922,0,-1.29,-1.14
20150923,0,-0.27,1.014
20150924,0,-0.36,-1.032
20150925,0,-0.22,-1.678
20150928,0,-2.63,-3.494
20150929,0,-0.07,-0.736
20150930,0,1.88,2.396
20151001,0,0.13,0.538
20151002,0,1.48,0.664
20151005,0,1.93,0.238
20151006,0,-0.43,-3.34
20151007,0,0.94,0.868
20151008,0,0.84,-0.564
20151009,0,0.12,1.02
20151012,0,0.06,1.23
20151013,0,-0.74,-1.286
20151014,0,-0.6,-1.026
20151015,0,1.56,2.034
20151016,0,0.36,1.05
20151019,0,0,1.23
20151020,0,-0.15,-1.512
20151021,0,-0.74,-0.38
20151022,0,1.5,0.768
20151023,0,1.09,2.05
20151026,0,-0.2,1.288
20151027,0,-0.42,1.128
20151028,0,1.43,0.626
20151029,0,-0.2,-0.548
20151030,0,-0.41,-0.716
20151102,0,1.25,0.65
20151103,0,0.32,-0.754
20151104,0,-0.26,0.358
20151105,0,-0.08,0.292
20151106,0,0.14,0.188
20151109,0,-0.95,-0.746
20151110,0,0.13,0.514
20151111,0,-0.43,0.518
20151112,0,-1.45,-0.772
20151113,0,-1.06,-1.684
20151116,0,1.39,0.49
20151117,0,-0.11,0.808
20151118,0,1.61,1.34
20151119,0,-0.13,0.074
20151120,0,0.35,1.136
20151123,0,-0.01,0.224
20151124,0,0.21,-0.756
20151125,0,0.09,0.39
20151127,0,0.09,0.732
20151130,0,-0.47,-1.286
20151201,0,0.97,1.114
20151202,0,-1.01,-0.002
20151203,0,-1.5,-1.788
20151204,0,1.86,3.36
20151207,0,-0.84,-0.03
20151208,0,-0.59,0.784
20151209,0,-0.83,-1.952
20151210,0,0.3,0.102
20151211,0,-2.03,-1.718
20151214,0,0.29,1.262
20151215,0,1.1,0.644
20151216,0,1.47,1.74
20151217,0,-1.46,-0.848
20151218,0,-1.7,-1.934
20151221,0,0.74,0.758
20151222,0,0.89,-0.076
20151223,0,1.3,-0.2
20151224,0,-0.11,-0.038
20151228,0,-0.29,0.784
20151229,0,1.05,1.374
20151230,0,-0.74,-0.356
20151231,0,-0.92,-1.646
20160104,0,-1.59,-3.066
20160105,0,0.12,0.498
20160106,0,-1.35,-0.204
20160107,0,-2.44,-1.96
20160108,0,-1.11,-1.164
20160111,0,-0.06,0.726
20160112,0,0.71,1.784
20160113,0,-2.67,-3.06
20160114,0,1.65,1.542
20160115,0,-2.14,-1.798
20160119,0,-0.2,0.796
20160120,0,-0.94,-0.22
20160121,0,0.45,-1.17
20160122,0,2.08,2.086
20160125,0,-1.71,-0.174
20160126,0,1.52,-0.388
20160127,0,-1.11,-2.442
20160128,0,0.49,-0.026
20160129,0,2.57,1.634
20160201,0.001,-0.039,0.765
20160202,0.001,-1.999,-1.051
20160203,0.001,0.461,-1.249
20160204,0.001,0.271,-1.223
20160205,0.001,-2.059,-3.583
20160208,0.001,-1.509,-1.335
20160209,0.001,-0.099,1.173
20160210,0.001,0.011,0.803
20160211,0.001,-1.169,0.031
20160212,0.001,1.981,0.541
20160216,0.001,1.781,1.289
20160217,0.001,1.751,0.731
20160218,0.001,-0.509,-0.581
20160219,0.001,0.061,1.315
20160222,0.001,1.431,0.309
20160223,0.001,-1.219,0.011
20160224,0.001,0.531,0.609
20160225,0.001,1.101,1.245
20160226,0.001,-0.009,-1.401
20160229,0.001,-0.689,-1.331
20160301,0.001,2.341,2.059
20160302,0.001,0.541,-1.469
20160303,0.001,0.511,-1.103
20160304,0.001,0.371,-0.421
20160307,0.001,0.211,-1.559
20160308,0.001,-1.269,1.209
20160309,0.001,0.501,0.213
20160310,0.001,-0.109,-0.127
20160311,0.001,1.691,0.413
20160314,0.001,-0.119,0.349
20160315,0.001,-0.359,0.577
20160316,0.001,0.631,-0.047
20160317,0.001,0.721,-0.173
20160318,0.001,0.541,0.151
20160321,0.001,0.101,0.185
20160322,0.001,-0.049,0.173
20160323,0.001,-0.859,1.097
20160324,0.001,0.001,-0.305
20160328,0.001,0.041,0.443
20160329,0.001,1.071,1.683
20160330,0.001,0.411,0.369
20160331,0.001,-0.109,-0.487
20160401,0,0.64,1.69
20160404,0,-0.41,0.34
20160405,0,-0.94,-0.616
20160406,0,1.14,0.75
20160407,0,-1.23,-0.846
20160408,0,0.29,-0.508
20160411,0,-0.28,-0.808
20160412,0,0.99,-0.354
20160413,0,1.23,0.216
20160414,0,0.03,-0.162
20160415,0,-0.04,0.41
20160418,0,0.65,0.56
20160419,0,0.29,-0.97
20160420,0,0.15,-0.804
20160421,0,-0.47,-0.752
20160422,0,0.12,-0.924
20160425,0,-0.24,0.792
20160426,0,0.29,-0.682
20160427,0,0.21,-0.588
20160428,0,-0.96,-0.552
20160429,0,-0.5,-0.314
20160502,0.001,0.781,1.585
20160503,0.001,-1.049,0.205
20160504,0.001,-0.659,0.091
20160505,0.001,-0.079,0.029
20160506,0.001,0.381,0.435
20160509,0.001,0.051,1.509
20160510,0.001,1.261,0.589
20160511,0.001,-0.889,-1.111
20160512,0.001,-0.109,0.581
20160513,0.001,-0.819,-0.387
20160516,0.001,0.991,0.673
20160517,0.001,-0.949,-2.251
20160518,0.001,0.101,-0.205
20160519,0.001,-0.329,0.031
20160520,0.001,0.751,0.205
20160523,0.001,-0.179,-0.131
20160524,0.001,1.431,1.671
20160525,0.001,0.721,-0.545
20160526,0.001,-0.039,0.531
20160527,0.001,0.491,0.485
20160531,0.001,-0.009,-0.171
20160601,0.001,0.201,0.273
20160602,0.001,0.351,0.321
20160603,0.001,-0.379,0.059
20160606,0.001,0.601,-0.419
20160607,0.001,0.121,0.055
20160608,0.001,0.371,0.767
20160609,0.001,-0.269,0.577
20160610,0.001,-1.049,-0.005
20160613,0.001,-0.839,-0.755
20160614,0.001,-0.189,0.579
20160615,0.001,-0.109,-0.385
20160616,0.001,0.241,0.769
20160617,0.001,-0.299,-1.427
20160620,0.001,0.711,0.531
20160621,0.001,0.211,0.241
20160622,0.001,-0.199,-0.181
20160623,0.001,1.451,0.545
20160624,0.001,-3.699,-1.809
20160627,0.001,-2.069,0.025
20160628,0.001,1.761,0.771
20160629,0.001,1.801,1.429
20160630,0.001,1.421,1.571
20160701,0.001,0.241,-0.119
20160705,0.001,-0.849,1.095
20160706,0.001,0.621,0.435
20160707,0.001,0.021,-0.189
20160708,0.001,1.601,1.019
20160711,0.001,0.431,0.203
20160712,0.001,0.751,-0.755
20160713,0.001,-0.049,0.161
20160714,0.001,0.511,-0.125
20160715,0.001,-0.049,-0.121
20160718,0.001,0.251,-0.091
20160719,0.001,-0.219,0.135
20160720,0.001,0.481,0.523
20160721,0.001,-0.379,-0.571
20160722,0.001,0.481,0.715
20160725,0.001,-0.269,-0.173
20160726,0.001,0.131,-0.343
20160727,0.001,-0.139,-0.439
20160728,0.001,0.181,0.529
20160729,0.001,0.171,0.231
20160801,0.001,-0.159,0.327
20160802,0.001,-0.699,-0.519
20160803,0.001,0.451,-1.025
20160804,0.001,0.051,0.597
20160805,0.001,0.931,-0.353
20160808,0.001,-0.059,-0.677
20160809,0.001,0.051,0.501
20160810,0.001,-0.289,0.287
20160811,0.001,0.541,0.103
20160812,0.001,-0.059,-0.095
20160815,0.001,0.391,-0.473
20160816,0.001,-0.569,-1.145
20160817,0.001,0.121,0.205
20160818,0.001,0.321,0.129
20160819,0.001,-0.109,-0.175
20160822,0.001,-0.019,0.323
20160823,0.001,0.271,0.037
20160824,0.001,-0.559,-0.517
20160825,0.001,-0.079,-0.103
20160826,0.001,-0.149,-0.347
20160829,0.001,0.531,0.267
20160830,0.001,-0.139,-0.583
20160831,0.001,-0.239,-0.161
20160901,0.001,0.031,0.697
20160902,0.001,0.531,0.339
20160906,0.001,0.261,0.483
20160907,0.001,0.091,-0.311
20160908,0.001,-0.179,-0.923
20160909,0.001,-2.469,-2.763
20160912,0.001,1.441,1.561
20160913,0.001,-1.479,-1.083
20160914,0.001,-0.079,0.629
20160915,0.001,1.071,1.329
20160916,0.001,-0.359,-0.023
20160919,0.001,0.051,-0.021
20160920,0.001,-0.019,0.299
20160921,0.001,1.121,1.271
20160922,0.001,0.701,0.611
20160923,0.001,-0.599,-0.689
20160926,0.001,-0.879,-0.399
20160927,0.001,0.641,0.977
20160928,0.001,0.561,0.057
20160929,0.001,-0.979,-1.057
20160930,0.001,0.881,0.473
20161003,0.001,-0.259,-0.223
20161004,0.001,-0.459,-0.855
20161005,0.001,0.581,-0.367
20161006,0.001,-0.059,0.181
20161007,0.001,-0.379,-0.367
20161010,0.001,0.521,0.539
20161011,0.001,-1.299,-1.557
20161012,0.001,0.061,0.193
20161013,0.001,-0.419,0.025
20161014,0.001,0.011,-0.127
20161017,0.001,-0.289,-0.067
20161018,0.001,0.601,0.403
20161019,0.001,0.251,-0.505
20161020,0.001,-0.159,-0.339
20161021,0.001,0.021,0.057
20161024,0.001,0.541,0.889
20161025,0.001,-0.459,-0.561
20161026,0.001,-0.229,-1.129
20161027,0.001,-0.329,-0.809
20161028,0.001,-0.289,-0.067
20161031,0.001,0.021,0.435
20161101,0.001,-0.679,-0.943
20161102,0.001,-0.729,-0.831
20161103,0.001,-0.399,-0.501
20161104,0.001,-0.119,-0.233
20161107,0.001,2.231,2.177
20161108,0.001,0.401,0.869
20161109,0.001,1.461,-0.381
20161110,0.001,0.321,-1.923
20161111,0.001,0.181,0.091
20161114,0.001,0.211,-1.535
20161115,0.001,0.801,1.167
20161116,0.001,-0.119,0.685
20161117,0.001,0.561,0.579
20161118,0.001,-0.159,-0.273
20161121,0.001,0.771,0.951
20161122,0.001,0.311,0.269
20161123,0.001,0.161,-0.223
20161125,0.001,0.401,0.587
20161128,0.001,-0.639,-0.291
20161129,0.001,0.111,0.345
20161130,0.001,-0.249,-2.055
20161201,0.001,-0.359,-1.865
20161202,0.001,0.001,0.457
20161205,0.001,0.751,0.433
20161206,0.001,0.481,0.067
20161207,0.001,1.261,1.045
20161208,0.001,0.361,-0.215
20161209,0.001,0.461,-0.037
20161212,0.001,-0.299,-0.149
20161213,0.001,0.601,0.691
20161214,0.001,-0.819,-0.603
20161215,0.001,0.461,0.467
20161216,0.001,-0.219,-0.453
20161219,0.001,0.221,0.263
20161220,0.001,0.441,0.303
20161221,0.001,-0.239,-0.203
20161222,0.001,-0.299,-0.275
20161223,0.001,0.191,0.257
20161227,0.001,0.271,0.361
20161228,0.001,-0.869,-1.007
20161229,0.001,-0.039,0.195
20161230,0.001,-0.519,-0.819
20170103,0.002,0.832,0.412
20170104,0.002,0.792,0.648
20170105,0.002,-0.208,-0.118
20170106,0.002,0.292,0.358
20170109,0.002,-0.368,0.016
20170110,0.002,0.162,0.258
20170111,0.002,0.312,0.45
20170112,0.002,-0.298,-0.088
20170113,0.002,0.292,0.448
20170117,0.002,-0.488,-0.674
20170118,0.002,0.242,0.41
20170119,0.002,-0.378,-0.15
20170120,0.002,0.332,0.344
20170123,0.002,-0.288,-0.048
20170124,0.002,0.832,1.042
20170125,0.002,0.842,0.932
20170126,0.002,-0.098,-0.014
20170127,0.002,-0.118,0.296
20170130,0.002,-0.678,-0.852
20170131,0.002,0.002,-0.094
20170201,0.002,0.042,0.294
20170202,0.002,-0.018,-0.144
20170203,0.002,0.822,0.918
20170206,0.002,-0.268,-0.316
20170207,0.002,-0.008,0.148
20170208,0.002,0.062,0.014
20170209,0.002,0.722,0.986
20170210,0.002,0.382,0.1
20170213,0.002,0.492,0.444
20170214,0.002,0.452,0.308
20170215,0.002,0.542,0.644
20170216,0.002,-0.158,-0.176
20170217,0.002,0.202,0.298
20170221,0.002,0.602,0.578
20170222,0.002,-0.148,-0.238
20170223,0.002,-0.108,-0.618
20170224,0.002,0.152,0.35
20170227,0.002,0.222,0.54
20170228,0.002,-0.418,-0.508
20170301,0.001,1.471,1.813
20170302,0.001,-0.699,-0.813
20170303,0.001,0.091,0.373
20170306,0.001,-0.379,-0.271
20170307,0.001,-0.359,-0.245
20170308,0.001,-0.189,-0.123
20170309,0.001,0.041,0.131
20170310,0.001,0.341,0.449
20170313,0.001,0.131,0.473
20170314,0.001,-0.359,-0.449
20170315,0.001,0.861,1.065
20170316,0.001,-0.059,-0.293
20170317,0.001,-0.079,0.137
20170320,0.001,-0.249,0.225
20170321,0.001,-1.479,-2.091
20170322,0.001,0.161,0.635
20170323,0.001,-0.029,-0.227
20170324,0.001,-0.049,0.149
20170327,0.001,-0.049,0.059
20170328,0.001,0.721,0.523
20170329,0.001,0.181,-0.071
20170330,0.001,0.361,0.235
20170331,0.001,-0.159,0.009
20170403,0.003,-0.277,-0.187
20170404,0.003,0.053,0.095
20170405,0.003,-0.437,-0.533
20170406,0.003,0.323,0.047
20170407,0.003,-0.077,0.061
20170410,0.003,0.083,-0.529
20170411,0.003,-0.047,-0.095
20170412,0.003,-0.487,-0.535
20170413,0.003,-0.747,-0.441
20170417,0.003,0.893,1.073
20170418,0.003,-0.247,-0.169
20170419,0.003,-0.077,0.259
20170420,0.003,0.833,0.923
20170421,0.003,-0.277,-0.085
20170424,0.003,1.183,1.429
20170425,0.003,0.663,0.771
20170426,0.003,0.043,-0.317
20170427,0.003,0.053,0.749
20170428,0.003,-0.297,-0.003
20170501,0.003,0.213,0.849
20170502,0.003,0.033,-0.213
20170503,0.003,-0.187,-0.289
20170504,0.003,0.023,0.221
20170505,0.003,0.463,0.241
20170508,0.003,-0.037,-0.145
20170509,0.003,-0.047,0.421
20170510,0.003,0.213,0.237
20170511,0.003,-0.257,-0.131
20170512,0.003,-0.177,0.381
20170515,0.003,0.533,0.449
20170516,0.003,-0.027,0.531
20170517,0.003,-1.967,-2.573
20170518,0.003,0.403,1.027
20170519,0.003,0.703,0.337
20170522,0.003,0.563,0.953
20170523,0.003,0.183,0.105
20170524,0.003,0.243,0.615
20170525,0.003,0.423,1.233
20170526,0.003,0.063,0.117
20170530,0.003,-0.187,0.041
20170531,0.003,-0.017,0.307
20170601,0.003,0.953,0.635
20170602,0.003,0.353,1.211
20170605,0.003,-0.167,-0.137
20170606,0.003,-0.277,-0.247
20170607,0.003,0.153,0.963
20170608,0.003,0.183,0.189
20170609,0.003,-0.117,-2.493
20170612,0.003,-0.107,-1.013
20170613,0.003,0.553,0.949
20170614,0.003,-0.167,0.031
20170615,0.003,-0.297,-0.051
20170616,0.003,-0.027,0.153
20170619,0.003,0.863,1.763
20170620,0.003,-0.727,-0.325
20170621,0.003,-0.067,1.301
20170622,0.003,0.023,-0.079
20170623,0.003,0.243,0.495
20170626,0.003,0.043,-0.737
20170627,0.003,-0.837,-1.821
20170628,0.003,1.023,1.455
20170629,0.003,-0.827,-1.955
20170630,0.003,0.143,0.089
20170703,0.004,0.244,-0.866
20170705,0.004,0.124,1.324
20170706,0.004,-0.946,-0.556
20170707,0.004,0.704,1.472
20170710,0.004,0.054,0.324
20170711,0.004,0.004,0.322
20170712,0.004,0.724,1.216
20170713,0.004,0.174,-0.3
20170714,0.004,0.424,0.646
20170717,0.004,0.004,-0.176
20170718,0.004,0.044,0.518
20170719,0.004,0.594,0.354
20170720,0.004,-0.006,-0.048
20170721,0.004,-0.076,0.278
20170724,0.004,-0.026,0.676
20170725,0.004,0.384,-0.57
20170726,0.004,-0.056,0.25
20170727,0.004,-0.136,-1.03
20170728,0.004,-0.166,-0.208
20170731,0.004,-0.106,-0.394
20170801,0.004,0.244,0.532
20170802,0.004,-0.076,0.224
20170803,0.004,-0.206,0.154
20170804,0.004,0.254,0.08
20170807,0.004,0.164,0.806
20170808,0.004,-0.236,0.004
20170809,0.004,-0.136,-0.22
20170810,0.004,-1.486,-1.93
20170811,0.004,0.204,0.75
20170814,0.004,1.034,1.676
20170815,0.004,-0.106,0.278
20170816,0.004,0.184,0.424
20170817,0.004,-1.586,-1.826
20170818,0.004,-0.146,-0.158
20170821,0.004,0.064,0.244
20170822,0.004,1.074,1.548
20170823,0.004,-0.316,-0.7
20170824,0.004,-0.136,-0.238
20170825,0.004,0.184,-0.428
20170828,0.004,0.084,0.762
20170829,0.004,0.104,0.476
20170830,0.004,0.534,1.062
20170831,0.004,0.624,0.87
20170901,0.005,0.275,-0.217
20170905,0.005,-0.805,-0.661
20170906,0.005,0.285,-0.267
20170907,0.005,-0.065,0.511
20170908,0.005,-0.155,-0.101
20170911,0.005,1.085,0.875
20170912,0.005,0.435,-0.315
20170913,0.005,0.115,-0.419
20170914,0.005,-0.115,-0.049
20170915,0.005,0.195,0.051
20170918,0.005,0.245,0.425
20170919,0.005,0.155,0.431
20170920,0.005,0.165,-0.327
20170921,0.005,-0.275,-0.437
20170922,0.005,0.125,-0.193
20170925,0.005,-0.245,-1.475
20170926,0.005,0.055,-0.041
20170927,0.005,0.635,1.031
20170928,0.005,0.135,0.489
20170929,0.005,0.355,0.745
20171002,0.004,0.504,0.408
20171003,0.004,0.264,0.294
20171004,0.004,0.054,0.438
20171005,0.004,0.554,0.326
20171006,0.004,-0.076,0.464
20171009,0.004,-0.216,0.168
20171010,0.004,0.244,-0.002
20171011,0.004,0.164,0.524
20171012,0.004,-0.176,0.532
20171013,0.004,0.044,-0.058
20171016,0.004,0.174,0.138
20171017,0.004,0.014,0.056
20171018,0.004,0.144,0.186
20171019,0.004,0.024,-0.216
20171020,0.004,0.574,0.502
20171023,0.004,-0.446,-0.284
20171024,0.004,0.204,0.336
20171025,0.004,-0.506,-0.632
20171026,0.004,0.204,0.264
20171027,0.004,0.824,2.042
20171030,0.004,-0.456,-0.522
20171031,0.004,0.234,0.618
20171101,0.004,0.054,-0.366
20171102,0.004,0.064,0.28
20171103,0.004,0.314,1.046
20171106,0.004,0.064,-0.368
20171107,0.004,-0.196,-0.136
20171108,0.004,0.124,0.496
20171109,0.004,-0.406,-1.066
20171110,0.004,0.014,0.206
20171113,0.004,0.094,0.586
20171114,0.004,-0.216,0.336
20171115,0.004,-0.516,-0.72
20171116,0.004,1.014,1.464
20171117,0.004,-0.136,-1.078
20171120,0.004,0.214,0.526
20171121,0.004,0.674,1.436
20171122,0.004,-0.046,-0.592
20171124,0.004,0.214,0.802
20171127,0.004,-0.056,0.04
20171128,0.004,1.064,0.278
20171129,0.004,0.024,-2.214
20171130,0.004,0.824,1.412
20171201,0.004,-0.216,-0.744
20171204,0.004,-0.096,-1.98
20171205,0.004,-0.426,0.276
20171206,0.004,-0.086,0.748
20171207,0.004,0.424,0.934
20171208,0.004,0.514,0.298
20171211,0.004,0.264,0.162
20171212,0.004,0.074,-0.58
20171213,0.004,0.024,0.906
20171214,0.004,-0.466,-0.046
20171215,0.004,0.924,1.068
20171218,0.004,0.674,0.422
20171219,0.004,-0.296,-0.182
20171220,0.004,0.014,-0.202
20171221,0.004,0.244,-0.602
20171222,0.004,-0.066,0.12
20171226,0.004,-0.066,-0.282
20171227,0.004,0.054,0.522
20171228,0.004,0.224,0.146
20171229,0.004,-0.566,-0.704
20180102,0.005,0.855,0.573
20180103,0.005,0.595,0.829
20180104,0.005,0.425,0.101
20180105,0.005,0.665,1.193
20180108,0.005,0.195,0.237
20180109,0.005,0.155,0.461
20180110,0.005,-0.065,-0.557
20180111,0.005,0.875,0.515
20180112,0.005,0.665,0.581
20180116,0.005,-0.485,-0.587
20180117,0.005,0.955,1.663
20180118,0.005,-0.175,0.233
20180119,0.005,0.575,0.959
20180122,0.005,0.775,0.637
20180123,0.005,0.225,0.429
20180124,0.005,-0.125,-0.473
20180125,0.005,0.075,0.729
20180126,0.005,1.115,1.775
20180129,0.005,-0.615,-0.519
20180130,0.005,-1.055,-0.749
20180131,0.005,-0.065,0.097
20180201,0.006,0.036,-0.402
20180202,0.006,-2.124,-1.866
20180205,0.006,-4.024,-3.79
20180206,0.006,1.676,2.27
20180207,0.006,-0.364,-0.418
20180208,0.006,-3.674,-4.634
20180209,0.006,1.366,1.678
20180212,0.006,1.366,1.858
20180213,0.006,0.316,0.85
20180214,0.006,1.526,1.346
20180215,0.006,1.216,1.822
20180216,0.006,0.036,-0.138
20180220,0.006,-0.614,-0.248
20180221,0.006,-0.424,-0.076
20180222,0.006,0.016,0.34
20180223,0.006,1.546,1.684
20180226,0.006,1.126,1.234
20180227,0.006,-1.244,-1.082
20180228,0.006,-1.094,-0.572
20180301,0.006,-1.174,-1.63
20180302,0.006,0.706,0.904
20180305,0.006,1.066,0.64
20180306,0.006,0.366,0.522
20180307,0.006,0.056,0.788
20180308,0.006,0.376,0.496
20180309,0.006,1.706,1.898
20180312,0.006,-0.084,-0.36
20180313,0.006,-0.664,-0.718
20180314,0.006,-0.524,0.004
20180315,0.006,-0.174,-0.174
20180316,0.006,0.256,-0.14
20180319,0.006,-1.374,-1.338
20180320,0.006,0.156,1.218
20180321,0.006,-0.054,-0.522
20180322,0.006,-2.534,-2.84
20180323,0.006,-2.084,-2.174
20180326,0.006,2.676,3.456
20180327,0.006,-1.864,-3.166
20180328,0.006,-0.344,-1.418
20180329,0.006,1.416,1.896
20180402,0.007,-2.283,-2.577
20180403,0.007,1.247,1.061
20180404,0.007,1.177,1.435
20180405,0.007,0.757,0.253
20180406,0.007,-2.183,-2.477
20180409,0.007,0.307,0.955
20180410,0.007,1.777,2.071
20180411,0.007,-0.483,-0.633
20180412,0.007,0.847,1.483
20180413,0.007,-0.363,-0.687
20180416,0.007,0.827,0.845
20180417,0.007,1.097,2.447
20180418,0.007,0.137,0.143
20180419,0.007,-0.483,-0.717
20180420,0.007,-0.803,-1.163
20180423,0.007,-0.043,-0.373
20180424,0.007,-1.293,-2.529
20180425,0.007,0.107,-0.235
20180426,0.007,0.967,2.035
20180427,0.007,0.017,0.155
20180430,0.007,-0.793,-0.577
20180501,0.006,0.246,0.78
20180502,0.006,-0.624,-0.21
20180503,0.006,-0.244,0.374
20180504,0.006,1.306,1.18
20180507,0.006,0.426,0.816
20180508,0.006,0.076,0.184
20180509,0.006,0.896,0.932
20180510,0.006,0.846,0.774
20180511,0.006,0.196,0.52
20180514,0.006,0.056,-0.238
20180515,0.006,-0.544,-0.826
20180516,0.006,0.506,0.638
20180517,0.006,0.026,0.002
20180518,0.006,-0.224,0.508
20180521,0.006,0.726,0.618
20180522,0.006,-0.414,-0.894
20180523,0.006,0.296,0.98
20180524,0.006,-0.154,0.11
20180525,0.006,-0.204,-0.3
20180529,0.006,-1.024,-0.454
20180530,0.006,1.316,1.268
20180531,0.006,-0.694,-0.232
20180601,0.006,1.066,1.492
20180604,0.006,0.486,0.858
20180605,0.006,0.166,0.586
20180606,0.006,0.866,0.758
20180607,0.006,-0.134,-1.232
20180608,0.006,0.316,0.478
20180611,0.006,0.126,-0.156
20180612,0.006,0.236,0.698
20180613,0.006,-0.324,-0.066
20180614,0.006,0.276,0.732
20180615,0.006,-0.074,-0.464
20180618,0.006,-0.084,0.288
20180619,0.006,-0.374,-0.662
20180620,0.006,0.236,0.734
20180621,0.006,-0.724,-1.12
20180622,0.006,0.116,-0.532
20180625,0.006,-1.474,-2.488
20180626,0.006,0.276,0.66
20180627,0.006,-1.014,-1.428
20180628,0.006,0.586,1.174
20180629,0.006,0.076,0.226
20180702,0.008,0.368,0.914
20180703,0.008,-0.432,-0.876
20180705,0.008,0.878,0.92
20180706,0.008,0.888,1.17
20180709,0.008,0.938,0.734
20180710,0.008,0.218,0.158
20180711,0.008,-0.682,-0.358
20180712,0.008,0.868,1.846
20180713,0.008,0.088,0.388
20180716,0.008,-0.152,-0.428
20180717,0.008,0.488,1.13
20180718,0.008,0.278,0.14
20180719,0.008,-0.332,-0.164
20180720,0.008,-0.092,0.016
20180723,0.008,0.158,0.146
20180724,0.008,0.228,-0.306
20180725,0.008,0.838,2.212
20180726,0.008,-0.192,-1.146
20180727,0.008,-0.812,-2.306
20180730,0.008,-0.692,-2.534
20180731,0.008,0.518,1.13
20180801,0.007,-0.123,0.681
20180802,0.007,0.677,1.619
20180803,0.007,0.317,-0.493
20180806,0.007,0.467,0.899
20180807,0.007,0.297,0.567
20180808,0.007,-0.033,0.081
20180809,0.007,-0.043,0.215
20180810,0.007,-0.593,-0.035
20180813,0.007,-0.453,-0.273
20180814,0.007,0.697,0.817
20180815,0.007,-0.903,-1.455
20180816,0.007,0.867,0.495
20180817,0.007,0.307,0.091
20180820,0.007,0.257,0.233
20180821,0.007,0.337,0.331
20180822,0.007,0.057,0.897
20180823,0.007,-0.183,0.393
20180824,0.007,0.627,1.125
20180827,0.007,0.747,0.831
20180828,0.007,-0.003,0.285
20180829,0.007,0.567,1.185
20180830,0.007,-0.403,0.035
20180831,0.007,0.087,0.519
20180904,0.008,-0.102,0.378
20180905,0.008,-0.402,-1.704
20180906,0.008,-0.432,-0.324
20180907,0.008,-0.172,-0.178
20180910,0.008,0.238,0.412
20180911,0.008,0.378,1.008
20180912,0.008,0.038,-0.442
20180913,0.008,0.458,0.8
20180914,0.008,0.128,-0.1
20180917,0.008,-0.702,-2.016
20180918,0.008,0.578,1.082
20180919,0.008,0.068,-1.324
20180920,0.008,0.778,0.76
20180921,0.008,-0.122,-0.548
20180924,0.008,-0.302,1.03
20180925,0.008,-0.042,0.948
20180926,0.008,-0.392,0.01
20180927,0.008,0.278,0.752
20180928,0.008,-0.022,0.266
20181001,0.008,0.168,-0.132
20181002,0.008,-0.202,-1.234
20181003,0.008,0.208,0.028
20181004,0.008,-0.922,-2.332
20181005,0.008,-0.632,-0.818
20181008,0.008,-0.172,-1.642
20181009,0.008,-0.172,-0.004
20181010,0.008,-3.322,-4.942
20181011,0.008,-1.952,-1.16
20181012,0.008,1.388,3.446
20181015,0.008,-0.472,-1.336
20181016,0.008,2.248,3.7
20181017,0.008,-0.072,-0.276
20181018,0.008,-1.532,-1.922
20181019,0.008,-0.242,-1.04
20181022,0.008,-0.372,1.122
20181023,0.008,-0.612,-0.63
20181024,0.008,-3.322,-3.958
20181025,0.008,1.938,2.982
20181026,0.008,-1.642,-1.96
20181029,0.008,-0.762,-2.37
20181030,0.008,1.668,1.632
20181031,0.008,1.228,2.08
20181101,0.008,1.298,1.382
20181102,0.008,-0.522,-0.936
20181105,0.008,0.408,-0.6
20181106,0.008,0.588,0.492
20181107,0.008,2.118,3.726
20181108,0.008,-0.272,-0.17
20181109,0.008,-1.032,-1.236
20181112,0.008,-2.052,-2.766
20181113,0.008,-0.122,-0.686
20181114,0.008,-0.762,-1.026
20181115,0.008,1.188,1.842
20181116,0.008,0.158,0.218
20181119,0.008,-1.872,-3.894
20181120,0.008,-1.842,-1.866
20181121,0.008,0.518,0.584
20181123,0.008,-0.542,-0.182
20181126,0.008,1.628,1.766
20181127,0.008,0.118,0.286
20181128,0.008,2.428,3.796
20181129,0.008,-0.212,0.082
20181130,0.008,0.788,0.866
20181203,0.01,1.14,1.692
20181204,0.01,-3.44,-2.954
20181206,0.01,-0.15,0.768
20181207,0.01,-2.35,-3.448
20181210,0.01,0.11,1.532
20181211,0.01,-0.07,0.566
20181212,0.01,0.69,0.738
20181213,0.01,-0.25,0.158
20181214,0.01,-1.88,-2.534
20181217,0.01,-2.12,-3.284
20181218,0.01,-0.02,0.49
20181219,0.01,-1.57,-1.252
20181220,0.01,-1.61,-2.36
20181221,0.01,-2.16,-2.394
20181224,0.01,-2.54,-2.39
20181226,0.01,5.07,5.712
20181227,0.01,0.79,0.988
20181228,0.01,-0.02,-0.098
20181231,0.01,0.91,1.57
20190102,0.01,0.24,-1.818
20190103,0.01,-2.44,-3.634
20190104,0.01,3.56,3.392
20190107,0.01,0.95,0.842
20190108,0.01,1.02,1.404
20190109,0.01,0.57,0.078
20190110,0.01,0.43,0.478
20190111,0.01,0,-0.288
20190114,0.01,-0.59,-1.466
20190115,0.01,1.07,2.264
20190116,0.01,0.29,-0.652
20190117,0.01,0.76,0.748
20190118,0.01,1.3,0.712
20190122,0.01,-1.52,-1.118
20190123,0.01,0.16,0.856
20190124,0.01,0.24,-0.336
20190125,0.01,0.91,0.31
20190128,0.01,-0.79,-1.234
20190129,0.01,-0.18,-0.462
20190130,0.01,1.52,2.192
20190131,0.01,0.93,1.776
20190201,0.01,0.15,-0.384
20190204,0.01,0.73,0.964
20190205,0.01,0.44,0.806
20190206,0.01,-0.21,-0.384
20190207,0.01,-0.92,-0.74
20190208,0.01,0.1,0.952
20190211,0.01,0.15,-0.048
20190212,0.01,1.37,1.214
20190213,0.01,0.29,0.02
20190214,0.01,-0.2,0.25
20190215,0.01,1.14,0.54
20190219,0.01,0.2,-0.25
20190220,0.01,0.2,-0.388
20190221,0.01,-0.36,0.066
20190222,0.01,0.66,1.608
20190225,0.01,0.16,-0.116
20190226,0.01,-0.15,0.18
20190227,0.01,0.1,0.508
20190228,0.01,-0.3,0.276
